"AC","AG",".ag","AntiguaandBarbuda",0
"AE","AE",".ae","UnitedArabEmirates",0
"AF","AF",".af","Afghanistan",0
"AG","DZ",".dz","Algeria",0
"AJ","AZ",".az","Azerbaijan",0
"AL","AL",".al","Albania",0
"AM","AM",".am","Armenia",0
"AN","AD",".ad","Andorra",0
"AO","AO",".ao","Angola",0
"AQ","AS",".as","AmericanSamoa",0
"AR","AR",".ar","Argentina",0
"AS","AU",".au","Australia",0
"AT","-","-","AshmoreandCartierIslands",0
"AU","AT",".at","Austria",0
"AV","AI",".ai","Anguilla",0
"AX","AX",".ax","AtlandIslands",0
"AY","AQ",".aq","Antarctica",0
"BA","BH",".bh","Bahrain",0
"BB","BB",".bb","Barbados",0
"BC","BW",".bw","Botswana",0
"BD","BM",".bm","Bermuda",0
"BE","BE",".be","Belgium",0
"BF","BS",".bs","Bahamas,The",0
"BG","BD",".bd","Bangladesh",0
"BH","BZ",".bz","Belize",0
"BK","BA",".ba","BosniaandHerzegovina",0
"BL","BO",".bo","Bolivia",0
"BM","MM",".mm","Myanmar",0
"BN","BJ",".bj","Benin",0
"BO","BY",".by","Belarus",0
"BP","SB",".sb","SolomonIslands",0
"BQ","-","-","NavassaIsland",0
"BR","BR",".br","Brazil",0
"BS","-","-","BassasdaIndia",0
"BT","BT",".bt","Bhutan",0
"BU","BG",".bg","Bulgaria",0
"BV","BV",".bv","BouvetIsland",0
"BX","BN",".bn","Brunei",0
"BY","BI",".bi","Burundi",0
"CA","CA",".ca","Canada",0
"CB","KH",".kh","Cambodia",0
"CD","TD",".td","Chad",0
"CE","LK",".lk","SriLanka",0
"CF","CG",".cg","Congo,Republicofthe",0
"CG","CD",".cd","Congo,DemocraticRepublicofthe",0
"CH","CN",".cn","China",0
"CI","CL",".cl","Chile",0
"CJ","KY",".ky","CaymanIslands",0
"CK","CC",".cc","Cocos(Keeling)Islands",0
"CM","CM",".cm","Cameroon",0
"CN","KM",".km","Comoros",0
"CO","CO",".co","Colombia",0
"CQ","MP",".mp","NorthernMarianaIslands",0
"CR","-","-","CoralSeaIslands",0
"CS","CR",".cr","CostaRica",0
"CT","CF",".cf","CentralAfricanRepublic",0
"CU","CU",".cu","Cuba",0
"CV","CV",".cv","CapeVerde",0
"CW","CK",".ck","CookIslands",0
"CY","CY",".cy","Cyprus",0
"DA","DK",".dk","Denmark",0
"DJ","DJ",".dj","Djibouti",0
"DO","DM",".dm","Dominica",0
"DQ","UM","-","JarvisIsland",0
"DR","DO",".do","DominicanRepublic",0
"DX","-","-","DhekeliaSovereignBaseArea",0
"EC","EC",".ec","Ecuador",0
"EG","EG",".eg","Egypt",0
"EI","IE",".ie","Ireland",0
"EK","GQ",".gq","EquatorialGuinea",0
"EN","EE",".ee","Estonia",0
"ER","ER",".er","Eritrea",0
"ES","SV",".sv","ElSalvador",0
"ET","ET",".et","Ethiopia",0
"EU","-","-","EuropaIsland",0
"EZ","CZ",".cz","CzechRepublic",0
"FG","GF",".gf","FrenchGuiana",0
"FI","FI",".fi","Finland",0
"FJ","FJ",".fj","Fiji",0
"FK","FK",".fk","FalklandIslands(IslasMalvinas)",0
"FM","FM",".fm","Micronesia,FederatedStatesof",0
"FO","FO",".fo","FaroeIslands",0
"FP","PF",".pf","FrenchPolynesia",0
"FQ","UM","-","BakerIsland",0
"FR","FR",".fr","France",0
"FS","TF",".tf","FrenchSouthernandAntarcticLands",0
"GA","GM",".gm","Gambia,The",0
"GB","GA",".ga","Gabon",0
"GG","GE",".ge","Georgia",0
"GH","GH",".gh","Ghana",0
"GI","GI",".gi","Gibraltar",0
"GJ","GD",".gd","Grenada",0
"GK","-",".gg","Guernsey",0
"GL","GL",".gl","Greenland",0
"GM","DE",".de","Germany",0
"GO","-","-","GloriosoIslands",0
"GP","GP",".gp","Guadeloupe",0
"GQ","GU",".gu","Guam",0
"GR","GR",".gr","Greece",0
"GT","GT",".gt","Guatemala",0
"GV","GN",".gn","Guinea",0
"GY","GY",".gy","Guyana",0
"GZ","-","-","GazaStrip",0
"HA","HT",".ht","Haiti",0
"HK","HK",".hk","HongKong",0
"HM","HM",".hm","HeardIslandandMcDonaldIslands",0
"HO","HN",".hn","Honduras",0
"HQ","UM","-","HowlandIsland",0
"HR","HR",".hr","Croatia",0
"HU","HU",".hu","Hungary",0
"IC","IS",".is","Iceland",0
"ID","ID",".id","Indonesia",0
"IM","IM",".im","IsleofMan",0
"IN","IN",".in","India",0
"IO","IO",".io","BritishIndianOceanTerritory",0
"IP","-","-","ClippertonIsland",0
"IR","IR",".ir","Iran",0
"IS","IL",".il","Israel",0
"IT","IT",".it","Italy",0
"IV","CI",".ci","Coted'Ivoire",0
"IZ","IQ",".iq","Iraq",0
"JA","JP",".jp","Japan",0
"JE","JE",".je","Jersey",0
"JM","JM",".jm","Jamaica",0
"JN","SJ","-","JanMayen",0
"JO","JO",".jo","Jordan",0
"JQ","UM","-","JohnstonAtoll",0
"JU","-","-","JuandeNovaIsland",0
"KE","KE",".ke","Kenya",0
"KG","KG",".kg","Kyrgyzstan",0
"KN","KP",".kp","Korea,North",0
"KQ","UM","-","KingmanReef",0
"KR","KI",".ki","Kiribati",0
"KS","KR",".kr","Korea,South",0
"KT","CX",".cx","ChristmasIsland",0
"KU","KW",".kw","Kuwait",0
"KV","KV","-","Kosovo",0
"KZ","KZ",".kz","Kazakhstan",0
"LA","LA",".la","Laos",0
"LE","LB",".lb","Lebanon",0
"LG","LV",".lv","Latvia",0
"LH","LT",".lt","Lithuania",0
"LI","LR",".lr","Liberia",0
"LO","SK",".sk","Slovakia",0
"LQ","UM","-","PalmyraAtoll",0
"LS","LI",".li","Liechtenstein",0
"LT","LS",".ls","Lesotho",0
"LU","LU",".lu","Luxembourg",0
"LY","LY",".ly","LibyanArab",0
"MA","MG",".mg","Madagascar",0
"MB","MQ",".mq","Martinique",0
"MC","MO",".mo","Macau",0
"MD","MD",".md","Moldova,Republicof",0
"MF","YT",".yt","Mayotte",0
"MG","MN",".mn","Mongolia",0
"MH","MS",".ms","Montserrat",0
"MI","MW",".mw","Malawi",0
"MJ","ME",".me","Montenegro",0
"MK","MK",".mk","TheFormerYugoslavRepublicofMacedonia",0
"ML","ML",".ml","Mali",0
"MN","MC",".mc","Monaco",0
"MO","MA",".ma","Morocco",0
"MP","MU",".mu","Mauritius",0
"MQ","UM","-","MidwayIslands",0
"MR","MR",".mr","Mauritania",0
"MT","MT",".mt","Malta",0
"MU","OM",".om","Oman",0
"MV","MV",".mv","Maldives",0
"MX","MX",".mx","Mexico",0
"MY","MY",".my","Malaysia",0
"MZ","MZ",".mz","Mozambique",0
"NC","NC",".nc","NewCaledonia",0
"NE","NU",".nu","Niue",0
"NF","NF",".nf","NorfolkIsland",0
"NG","NE",".ne","Niger",0
"NH","VU",".vu","Vanuatu",0
"NI","NG",".ng","Nigeria",0
"NL","NL",".nl","Netherlands",0
"NM","","","NoMan'sLand",0
"NO","NO",".no","Norway",0
"NP","NP",".np","Nepal",0
"NR","NR",".nr","Nauru",0
"NS","SR",".sr","Suriname",0
"NT","AN",".an","NetherlandsAntilles",0
"NU","NI",".ni","Nicaragua",0
"NZ","NZ",".nz","NewZealand",0
"PA","PY",".py","Paraguay",0
"PC","PN",".pn","PitcairnIslands",0
"PE","PE",".pe","Peru",0
"PF","-","-","ParacelIslands",0
"PG","-","-","SpratlyIslands",0
"PK","PK",".pk","Pakistan",0
"PL","PL",".pl","Poland",0
"PM","PA",".pa","Panama",0
"PO","PT",".pt","Portugal",0
"PP","PG",".pg","PapuaNewGuinea",0
"PS","PW",".pw","Palau",0
"PU","GW",".gw","Guinea-Bissau",0
"QA","QA",".qa","Qatar",0
"RE","RE",".re","Reunion",0
"RI","RS",".rs","Serbia",0
"RM","MH",".mh","MarshallIslands",0
"RN","MF","-","SaintMartin",0
"RO","RO",".ro","Romania",0
"RP","PH",".ph","Philippines",0
"RQ","PR",".pr","PuertoRico",0
"RS","RU",".ru","Russia",0
"RW","RW",".rw","Rwanda",0
"SA","SA",".sa","SaudiArabia",0
"SB","PM",".pm","SaintPierreandMiquelon",0
"SC","KN",".kn","SaintKittsandNevis",0
"SE","SC",".sc","Seychelles",0
"SF","ZA",".za","SouthAfrica",0
"SG","SN",".sn","Senegal",0
"SH","SH",".sh","SaintHelena",0
"SI","SI",".si","Slovenia",0
"SL","SL",".sl","SierraLeone",0
"SM","SM",".sm","SanMarino",0
"SN","SG",".sg","Singapore",0
"SO","SO",".so","Somalia",0
"SP","ES",".es","Spain",0
"-","SS",".ss","SouthSudan",0
"ST","LC",".lc","SaintLucia",0
"SU","SD",".sd","Sudan",0
"SV","SJ",".sj","Svalbard",0
"SW","SE",".se","Sweden",0
"SX","GS",".gs","SouthGeorgiaandtheIslands",0
"SY","SY",".sy","SyrianArabRepublic",0
"SZ","CH",".ch","Switzerland",0
"TD","TT",".tt","TrinidadandTobago",0
"TE","-","-","TromelinIsland",0
"TH","TH",".th","Thailand",0
"TI","TJ",".tj","Tajikistan",0
"TK","TC",".tc","TurksandCaicosIslands",0
"TL","TK",".tk","Tokelau",0
"TN","TO",".to","Tonga",0
"TO","TG",".tg","Togo",0
"TP","ST",".st","SaoTomeandPrincipe",0
"TS","TN",".tn","Tunisia",0
"TT","TL",".tl","EastTimor",0
"TU","TR",".tr","Turkey",0
"TV","TV",".tv","Tuvalu",0
"TW","TW",".tw","Taiwan",0
"TX","TM",".tm","Turkmenistan",0
"TZ","TZ",".tz","Tanzania,UnitedRepublicof",0
"UG","UG",".ug","Uganda",0
"UK","GB",".uk","UK",0
"UP","UA",".ua","Ukraine",0
"US","US",".us","UnitedStates",0
"UV","BF",".bf","BurkinaFaso",0
"UY","UY",".uy","Uruguay",0
"UZ","UZ",".uz","Uzbekistan",0
"VC","VC",".vc","SaintVincentandtheGrenadines",0
"VE","VE",".ve","Venezuela",0
"VI","VG",".vg","BritishVirginIslands",0
"VM","VN",".vn","Vietnam",0
"VQ","VI",".vi","VirginIslands(US)",0
"VT","VA",".va","HolySee(VaticanCity)",0
"WA","NA",".na","Namibia",0
"WE","-","-","WestBank",0
"WF","WF",".wf","WallisandFutuna",0
"WI","EH",".eh","WesternSahara",0
"WQ","UM","-","WakeIsland",0
"WS","WS",".ws","Samoa",0
"WZ","SZ",".sz","Swaziland",0
"YI","CS",".yu","SerbiaandMontenegro",0
"YM","YE",".ye","Yemen",0
"ZA","ZM",".zm","Zambia",0
"ZI","ZW",".zw","Zimbabwe",0
"RS","RU",".ru","RussianFederation",0
"UK","GB",".uk","Britain",0
"UK","GB",".uk","GreatBritain",0
"US","US",".us","TheUnitedStatesofAmerica",0
"US","US",".us","USA",0
"AE","AE",".ae","UAE",0
"AE","AE",".ae","Emerirates",0
"CH","CN",".cn","PeoplesRepublicofChina",0
"IV","CI",".ci","IvoryCoast",0
"MK","MK",".mk","Macedonia",0
"MK","MK",".mk","RepublicofMacedonia",0
"MK","MK",".mk","RepublicofMacedonia",0
"AE","AE",".ae","Emirates",0
"EI","IE",".ie","Airlann",0
"EI","IE",".ie","Airlan",0
"UK-ST","GB",".uk","Scotland",0
"UK","GB",".uk","England",0
"UK-IR","UK-IR",".ie","Ireland",0
